,Rating,Price,Original_Price,Discount,Page,Brand,RAM,Storage,Battery_Capacity,number_of_ratings,number_of_reviews
0,4.1,7499,9999,25% ,1,POCO,6,128,5200 mAh,30602,1450
1,4.3,7849,9999,21% ,1,Samsung,4,64,5000 mAh,2647,136
2,4.2,9999,12499,20% ,1,MOTOROLA,4,128,5000 mAh,117212,7254
3,3.9,6799,8999,24% ,1,POCO,4,64,5200 mAh,54664,2462
4,4.3,6499,7999,18% ,1,Ai,4,64,5000 mAh,40425,2483
5,4.4,14999,17999,16% ,1,MOTOROLA,8,128,7000 mAh,6095,368
6,4.2,7299,9999,27% ,1,MOTOROLA,4,64,5100 mAh,75469,4605
7,4.1,9999,12999,23% ,1,POCO,6,128,5160 mAh,70470,3269
8,4.3,7249,8999,19% ,1,realme,4,64,5000 mAh,40868,1318
9,3.9,6799,8999,24% ,1,POCO,4,64,5200 mAh,54664,2462
10,4.3,7999,9999,20% ,1,MOTOROLA,4,64,7000 mAh,3685,252
11,4.4,16999,18999,10% ,1,MOTOROLA,8,128,7000 mAh,5221,315
12,4.4,16999,18999,10% ,1,MOTOROLA,8,128,7000 mAh,5221,315
13,4.4,12999,14999,13% ,1,vivo,6,128,6000 mAh,54305,1701
14,4.2,8499,10999,22% ,1,POCO,4,64,5160 mAh,144935,6395
15,4.4,15499,17999,13% ,1,vivo,6,128,6500 mAh,198854,8775
16,4.4,11999,13999,14% ,1,vivo,4,128,6000 mAh,40115,1193
17,4.2,9999,12499,20% ,1,MOTOROLA,4,128,5000 mAh,117212,7254
18,3.9,6799,8999,24% ,1,POCO,4,64,5200 mAh,54664,2462
19,4.3,13499,19999,32% ,1,REDMI,6,128,5110 mAh,21401,912
20,4.2,7299,9999,27% ,1,MOTOROLA,4,64,5100 mAh,75469,4605
21,4.4,33999,37999,10% ,1,POCO,12,512,5000 mAh,19286,1876
22,4.1,7499,9999,25% ,1,POCO,6,128,5200 mAh,30602,1450
23,4.3,17999,19999,10% ,1,MOTOROLA,8,128,6720 mAh,25203,1645
24,4.2,9999,12499,20% ,2,MOTOROLA,4,128,5000 mAh,117212,7254
25,4.4,14999,17999,16% ,2,MOTOROLA,8,128,7000 mAh,6095,368
26,4.3,10999,13999,21% ,2,POCO,8,128,5160 mAh,15304,742
27,4.3,12499,15499,19% ,2,MOTOROLA,8,128,5000 mAh,5844,274
28,4.1,7499,9999,25% ,2,POCO,6,128,5200 mAh,30602,1450
29,4.4,15499,17999,13% ,2,vivo,6,128,6500 mAh,198854,8775
30,4.5,33924,34999,3% ,2,OnePlus,8,256,6800 mAh,1948,130
31,4.4,22999,25999,11% ,2,MOTOROLA,8,256,5500 mAh,113807,5910
32,4.1,9999,12999,23% ,2,POCO,6,128,5160 mAh,70470,3269
33,4.0,11955,13999,14% ,2,Samsung,6,128,5000 mAh,702,52
34,4.2,9699,10999,11% ,2,realme,6,128,6300 mAh,7929,306
35,4.3,17999,19999,10% ,2,MOTOROLA,8,128,6720 mAh,25203,1645
36,4.5,22999,24999,8% ,2,vivo,8,256,5700 mAh,50188,2250
37,4.4,18499,20999,11% ,2,vivo,8,256,6500 mAh,148345,7016
38,4.3,6499,7999,18% ,2,Ai,4,64,5000 mAh,40425,2483
39,4.4,11749,13999,16% ,2,realme,6,128,6000 mAh,10295,417
40,4.2,8499,10999,22% ,2,POCO,4,64,5160 mAh,144935,6395
41,4.4,22999,25999,11% ,2,MOTOROLA,8,256,5500 mAh,113807,5910
42,4.4,18999,22999,17% ,2,CMF,8,128,5000 mAh,65644,4533
43,4.4,12999,16999,23% ,2,realme,6,128,6000 mAh,69374,2637
44,4.5,20999,23499,10% ,2,vivo,8,128,5700 mAh,50188,2250
45,4.4,12499,15999,21% ,2,OPPO,4,128,6000 mAh,21071,1619
46,4.5,27999,32999,15% ,2,vivo,8,128,6500 mAh,12488,793
47,4.3,10999,13999,21% ,2,POCO,8,128,5160 mAh,15304,742
48,4.4,11749,13999,16% ,3,realme,6,128,6000 mAh,10295,417
49,4.4,19999,22999,13% ,3,MOTOROLA,8,256,5500 mAh,79957,4017
50,4.4,18999,22999,17% ,3,CMF,8,128,5000 mAh,65644,4533
51,4.4,15499,17999,13% ,3,vivo,6,128,6500 mAh,198854,8775
52,4.5,22999,25999,11% ,3,vivo,8,128,7300 mAh,90515,4081
53,4.5,26999,29999,10% ,3,Nothing,8,256,5000 mAh,54065,3783
54,4.2,8999,11499,21% ,3,POCO,4,128,5160 mAh,144935,6395
55,4.5,24968,24999,13% ,3,OnePlus,8,128,7100 mAh,6204,343
56,4.5,20999,23499,10% ,3,vivo,8,128,5700 mAh,50188,2250
57,4.3,12272,14999,18% ,3,realme,6,128,6000 mAh,5811,228
58,4.3,13499,19999,32% ,3,REDMI,6,128,5110 mAh,21401,912
59,4.4,18999,22999,17% ,3,CMF,8,128,5000 mAh,65644,4533
60,4.4,19999,22999,13% ,3,MOTOROLA,8,256,5500 mAh,79957,4017
61,4.3,13499,18999,28% ,3,POCO,6,128,5110 mAh,34877,2523
62,4.2,12490,17999,30% ,3,POCO,8,128,5030 mAh,17662,1022
63,4.4,11999,13999,14% ,3,vivo,4,128,6000 mAh,40115,1193
64,4.4,14999,17999,16% ,3,MOTOROLA,8,128,7000 mAh,6095,368
65,4.3,13499,18999,28% ,3,POCO,6,128,5110 mAh,34877,2523
66,4.4,18499,20999,11% ,3,vivo,8,256,6500 mAh,148345,7016
67,4.3,15499,20999,26% ,3,POCO,8,256,5110 mAh,13446,1107
68,4.3,16999,24999,32% ,3,POCO,8,128,5500 mAh,28239,2138
69,4.4,18999,25999,26% ,3,Motorola,8,128,5000 mAh,140660,8926
70,4.3,7715,8999,14% ,3,realme,4,64,6300 mAh,677,25
71,4.5,26999,13999,13% ,3,OnePlus,8,256,7100 mAh,6204,343
72,4.2,9999,12499,20% ,4,Samsung,4,64,5000 mAh,38028,2243
73,4.3,7249,8999,19% ,4,realme,4,64,5000 mAh,40868,1318
74,4.1,9999,12999,23% ,4,POCO,6,128,5160 mAh,70470,3269
75,4.5,13999,16999,17% ,4,OPPO,6,128,6000 mAh,81016,6010
76,4.4,11749,13999,16% ,4,realme,6,128,6000 mAh,10295,417
77,4.4,16499,19499,15% ,4,vivo,8,128,6500 mAh,148345,7016
78,4.3,13499,18999,28% ,4,POCO,6,128,5110 mAh,34877,2523
79,4.4,13999,17999,22% ,4,realme,8,128,6000 mAh,22949,950
80,4.5,19999,22999,13% ,4,OPPO,8,128,7000 mAh,73405,4402
81,4.4,33999,37999,10% ,4,POCO,12,512,5000 mAh,19286,1876
82,4.3,10999,13999,21% ,4,POCO,8,128,5160 mAh,15304,742
83,4.2,9999,12499,20% ,4,Samsung,4,64,5000 mAh,38028,2243
84,4.4,20999,24999,16% ,4,CMF,8,256,5000 mAh,65644,4533
85,4.5,29999,34999,14% ,4,vivo,8,256,6500 mAh,12488,793
86,4.5,24999,27999,10% ,4,vivo,8,256,7300 mAh,90515,4081
87,4.4,17999,20999,14% ,4,realme,6,128,7000 mAh,17938,1144
88,4.3,21999,31999,31% ,4,POCO,8,256,6550 mAh,16224,1708
89,4.3,8765,10999,20% ,4,realme,6,128,6300 mAh,1239,66
90,4.3,14999,16999,11% ,4,vivo,8,256,6000 mAh,20446,902
91,4.4,20999,24999,16% ,4,CMF,8,256,5000 mAh,65644,4533
92,4.4,12999,16999,23% ,4,realme,6,128,6000 mAh,69374,2637
93,4.3,7524,8999,16% ,4,realme,4,64,6300 mAh,677,25
94,4.4,16499,19499,15% ,4,vivo,8,128,6500 mAh,148345,7016
95,4.3,9299,11999,22% ,4,REDMI,4,128,5160 mAh,13353,566
96,4.0,6999,9999,30% ,5,Ai,6,128,5000 mAh,4818,303
97,4.3,7999,9999,20% ,5,MOTOROLA,4,64,7000 mAh,3685,252
98,4.3,7791,8999,13% ,5,realme,4,64,6300 mAh,1850,75
99,4.3,7999,9999,20% ,5,MOTOROLA,4,64,7000 mAh,3685,252
100,4.3,20999,28999,27% ,5,MOTOROLA,8,256,5000 mAh,13941,1019
101,4.4,18999,22999,17% ,5,CMF,8,128,5000 mAh,65644,4533
102,4.4,24999,35999,30% ,5,realme,8,256,6000 mAh,17514,2044
103,4.4,12998,16999,23% ,5,realme,6,128,6000 mAh,69374,2637
104,4.3,14999,17999,16% ,5,POCO,8,128,7000 mAh,3364,193
105,4.4,18490,20499,9% ,5,IQOO,8,256,6500 mAh,4695,221
106,4.3,33999,40999,17% ,5,MOTOROLA,12,256,6000 mAh,13240,1089
107,4.3,14999,17999,16% ,5,POCO,8,128,7000 mAh,3364,193
108,4.4,11999,12999,7% ,5,realme,4,128,6000 mAh,6402,265
109,4.4,18499,20999,11% ,5,vivo,8,256,6500 mAh,148345,7016
110,4.3,8802,10999,19% ,5,realme,6,128,6300 mAh,1239,66
111,4.4,17999,19999,10% ,5,Infinix,6,128,5500 mAh,9498,599
112,4.3,18320,19999,8% ,5,REDMI,8,256,7000 mAh,2540,130
113,4.3,6499,7999,18% ,5,Ai,4,64,5000 mAh,40425,2483
114,4.4,12999,14999,13% ,5,vivo,6,128,6000 mAh,54305,1701
115,4.5,19999,22999,13% ,5,OPPO,8,128,7000 mAh,73405,4402
116,4.3,12179,14999,18% ,5,realme,6,128,6000 mAh,5811,228
117,4.5,24999,26999,7% ,5,vivo,12,256,5700 mAh,4569,217
118,4.5,21999,24999,12% ,5,OPPO,8,256,7000 mAh,73405,4402
119,4.4,12499,15999,21% ,5,OPPO,4,128,6000 mAh,21071,1619
120,4.3,12899,13999,7% ,6,realme,4,128,6000 mAh,668,34
121,4.4,13999,17999,22% ,6,realme,8,128,6000 mAh,22949,950
122,4.2,12135,17999,32% ,6,POCO,8,128,5030 mAh,17662,1022
123,4.1,9999,12999,23% ,6,POCO,6,128,5160 mAh,70470,3269
124,4.3,13499,18999,28% ,6,POCO,6,128,5110 mAh,34877,2523
125,4.1,10490,13999,25% ,6,Samsung,4,128,5000 mAh,968,61
126,4.3,7999,9999,20% ,6,MOTOROLA,4,64,7000 mAh,3685,252
127,4.4,19999,22999,13% ,6,MOTOROLA,8,256,5500 mAh,79957,4017
128,4.3,20999,28999,27% ,6,MOTOROLA,8,256,5000 mAh,13941,1019
129,4.3,6499,7999,18% ,6,Ai,4,64,5000 mAh,40425,2483
130,4.4,15999,20999,23% ,6,Motorola,8,128,5000 mAh,257702,12739
131,4.4,22999,25999,11% ,6,MOTOROLA,8,256,5500 mAh,113807,5910
132,4.3,7699,8999,14% ,6,realme,4,64,6300 mAh,1850,75
133,4.3,10999,13999,21% ,6,POCO,8,128,5160 mAh,15304,742
134,4.2,8499,10999,22% ,6,POCO,4,64,5160 mAh,144935,6395
135,4.5,21999,24999,12% ,6,OPPO,8,256,7000 mAh,73405,4402
136,4.5,19999,22999,13% ,6,OPPO,8,128,7000 mAh,73405,4402
137,4.3,29999,36999,18% ,6,MOTOROLA,8,256,6000 mAh,43109,3210
138,4.4,12999,16999,23% ,6,realme,6,128,6000 mAh,69374,2637
139,4.4,12999,16999,23% ,6,realme,6,128,6000 mAh,69374,2637
140,4.5,31999,34999,8% ,6,Nothing,8,256,5000 mAh,12325,934
141,4.5,29999,32999,9% ,6,Nothing,8,128,5000 mAh,12325,934
142,4.3,7990,9999,20% ,6,Samsung,4,64,5000 mAh,4066,165
143,4.1,7499,9999,25% ,6,POCO,6,128,5200 mAh,30602,1450
144,4.4,26990,45999,41% ,7,Samsung,8,256,5000 mAh,6017,358
145,4.4,18999,33999,44% ,7,Samsung,8,128,5000 mAh,66976,3873
146,4.5,19999,22999,13% ,7,OPPO,8,128,7000 mAh,73405,4402
147,4.6,69900,13999,13% ,7,Apple,4,128,5000 mAh,198933,6344
148,4.4,31999,35999,11% ,7,POCO,12,256,5000 mAh,19286,1876
149,4.3,10999,13999,21% ,7,POCO,8,128,5160 mAh,15304,742
150,4.1,9154,13999,34% ,7,Samsung,4,64,5000 mAh,2505,149
151,4.3,17999,19999,10% ,7,MOTOROLA,8,128,6720 mAh,25203,1645
152,4.3,21999,31999,31% ,7,POCO,8,256,6550 mAh,16224,1708
153,4.2,12499,15499,19% ,7,Samsung,6,128,5000 mAh,19656,1241
154,4.1,12189,16999,28% ,7,Samsung,6,128,5000 mAh,56,2
155,4.3,8802,10999,19% ,7,realme,6,128,6300 mAh,1239,66
156,4.4,17999,19999,10% ,7,Infinix,6,128,5500 mAh,9498,599
157,4.5,24950,24999,13% ,7,OnePlus,8,128,7100 mAh,6204,343
158,4.3,9435,11999,21% ,7,REDMI,4,128,5160 mAh,13353,566
159,4.3,8822,10999,19% ,7,REDMI,4,64,5160 mAh,13353,566
160,4.3,29999,36999,18% ,7,MOTOROLA,8,256,6000 mAh,43109,3210
161,4.5,31999,34999,8% ,7,Nothing,8,256,5000 mAh,12325,934
162,4.2,9699,10999,11% ,7,realme,6,128,6300 mAh,7929,306
163,4.5,26882,26999,13% ,7,OnePlus,8,256,7100 mAh,6204,343
164,4.5,26999,13999,13% ,7,OnePlus,8,256,7100 mAh,6204,343
165,4.1,10762,15499,30% ,7,Samsung,4,128,5000 mAh,2505,149
166,4.4,33999,36999,8% ,7,Nothing,12,256,5000 mAh,7302,442
167,4.6,55999,79999,30% ,7,Samsung,8,256,4000 mAh,49029,2702
168,4.4,17999,20999,14% ,8,realme,6,128,7000 mAh,17938,1144
169,4.5,26999,13999,13% ,8,OnePlus,8,256,7100 mAh,6204,343
170,4.5,24999,13999,13% ,8,OnePlus,8,128,7100 mAh,6204,343
171,4.5,26999,13999,13% ,8,OnePlus,8,256,7100 mAh,6204,343
172,4.4,19898,20999,5% ,8,OnePlus,8,128,5500 mAh,36094,1676
173,4.6,49999,74999,33% ,8,Samsung,8,128,4000 mAh,49029,2702
174,4.2,10299,12999,20% ,8,REDMI,6,128,5160 mAh,1582,60
175,4.4,17999,20999,14% ,8,realme,6,128,7000 mAh,17938,1144
176,4.4,17999,20999,14% ,8,realme,6,128,7000 mAh,17938,1144
177,4.5,33702,34999,3% ,8,OnePlus,8,256,6800 mAh,1948,130
178,4.5,39999,59999,33% ,8,Samsung,8,128,4700 mAh,72721,4641
179,4.5,39999,59999,33% ,8,Samsung,8,128,4700 mAh,72721,4641
180,4.5,45999,65999,30% ,8,Samsung,8,256,4700 mAh,72721,4641
181,4.4,27999,45999,39% ,8,Samsung,8,256,5000 mAh,6017,358
182,4.5,29999,34999,14% ,8,MOTOROLA,8,256,5000 mAh,833,93
183,4.3,16999,24999,32% ,8,POCO,8,128,5500 mAh,28239,2138
184,4.3,17499,18999,7% ,8,realme,8,128,7000 mAh,963,114
185,4.3,17499,18999,7% ,8,realme,8,128,7000 mAh,963,114
186,4.3,13999,16999,17% ,8,POCO,6,128,7000 mAh,5361,295
187,4.3,15257,16999,10% ,8,IQOO,8,256,6000 mAh,2057,94
188,4.2,10999,13999,21% ,8,Samsung,4,128,5000 mAh,38028,2243
189,4.3,14999,17999,16% ,8,POCO,8,128,7000 mAh,3364,193
190,4.3,11999,14999,20% ,8,Motorola,8,128,5000 mAh,250147,12377
191,4.1,9487,12499,24% ,8,Samsung,4,64,5000 mAh,2505,149
192,4.3,7999,9999,20% ,9,MOTOROLA,4,64,7000 mAh,3685,252
193,4.1,9999,12999,23% ,9,POCO,6,128,5160 mAh,70470,3269
194,4.4,37999,42999,11% ,9,MOTOROLA,16,512,6000 mAh,2279,167
195,4.0,6999,9999,30% ,9,Ai,6,128,5000 mAh,4818,303
196,4.3,9487,10999,13% ,9,REDMI,4,64,5160 mAh,13353,566
197,4.1,8499,9499,10% ,9,LAVA,4,64,5000 mAh,280,13
198,4.4,16682,18999,12% ,9,IQOO,8,128,6500 mAh,4695,221
199,4.4,16460,18999,13% ,9,IQOO,8,128,6500 mAh,4695,221
200,4.3,25999,31999,18% ,9,MOTOROLA,12,256,5500 mAh,5671,398
201,4.5,13999,16999,17% ,9,OPPO,6,128,6000 mAh,81016,6010
202,4.5,33590,34999,4% ,9,OnePlus,8,256,6800 mAh,1301,87
203,4.4,20999,27999,25% ,9,Motorola,12,256,5000 mAh,172252,11415
204,4.4,15190,17499,13% ,9,IQOO,6,128,6500 mAh,8167,422
205,4.3,7249,8999,19% ,9,realme,4,64,5000 mAh,40868,1318
206,4.4,18999,20999,9% ,9,MOTOROLA,8,128,5500 mAh,79957,4017
207,4.1,7999,10999,27% ,9,Ai,6,128,5000 mAh,19601,1323
208,4.2,9999,12499,20% ,9,Samsung,4,64,5000 mAh,38028,2243
209,4.3,15158,16999,10% ,9,IQOO,8,256,6000 mAh,2057,94
210,4.1,10672,15499,31% ,9,Samsung,4,128,5000 mAh,2505,149
211,4.4,18490,20499,9% ,9,IQOO,8,256,6500 mAh,4695,221
212,4.4,19898,20999,5% ,9,OnePlus,8,128,5500 mAh,36094,1676
213,4.3,7791,8999,13% ,9,realme,4,64,6300 mAh,1850,75
214,4.3,29999,36999,18% ,9,MOTOROLA,8,256,6000 mAh,43109,3210
215,4.3,8765,10999,20% ,9,realme,6,128,6300 mAh,1239,66
216,4.4,17999,19999,10% ,10,Infinix,6,128,5500 mAh,9498,599
217,4.3,13499,18999,28% ,10,POCO,6,128,5110 mAh,34877,2523
218,4.3,9299,11999,22% ,10,REDMI,4,128,5160 mAh,13353,566
219,4.0,12180,15499,21% ,10,Samsung,6,128,5000 mAh,702,52
220,4.2,11998,13999,14% ,10,IQOO,4,128,6000 mAh,2034,85
221,4.3,7524,8999,16% ,10,realme,4,64,6300 mAh,677,25
222,4.0,11955,13999,14% ,10,Samsung,6,128,5000 mAh,702,52
223,4.1,10475,13999,25% ,10,Samsung,4,128,5000 mAh,968,61
224,4.3,7715,8999,14% ,10,realme,4,64,6300 mAh,677,25
225,4.1,7999,10999,27% ,10,Ai,6,128,5000 mAh,19601,1323
226,4.3,13999,16999,17% ,10,POCO,6,128,7000 mAh,5361,295
227,4.3,6499,7999,18% ,10,Ai,4,64,5000 mAh,40425,2483
228,4.5,33700,34999,3% ,10,OnePlus,8,256,6800 mAh,1948,130
229,4.4,23981,23999,13% ,10,OnePlus,8,256,5500 mAh,36094,1676
230,4.4,17999,20999,14% ,10,realme,6,128,7000 mAh,17938,1144
231,4.5,24999,13999,13% ,10,OnePlus,8,128,7100 mAh,6204,343
232,4.5,26999,13999,13% ,10,OnePlus,8,256,7100 mAh,6204,343
233,4.4,19898,20999,5% ,10,OnePlus,8,128,5500 mAh,36094,1676
234,4.3,8199,10999,25% ,10,realme,6,128,5000 mAh,21839,790
235,4.6,49999,74999,33% ,10,Samsung,8,128,4000 mAh,49029,2702
236,4.2,10299,12999,20% ,10,REDMI,6,128,5160 mAh,1582,60
237,4.4,17999,20999,14% ,10,realme,6,128,7000 mAh,17938,1144
238,4.4,17999,20999,14% ,10,realme,6,128,7000 mAh,17938,1144
239,4.5,33702,34999,3% ,10,OnePlus,8,256,6800 mAh,1948,130
240,4.3,11999,14499,17% ,11,POCO,4,128,5000 mAh,75,3
241,4.5,39999,59999,33% ,11,Samsung,8,128,4700 mAh,72721,4641
242,4.5,39999,59999,33% ,11,Samsung,8,128,4700 mAh,72721,4641
243,4.5,45999,65999,30% ,11,Samsung,8,256,4700 mAh,72721,4641
244,4.3,8807,11999,26% ,11,vivo,4,64,5500 mAh,3349,109
245,4.4,27999,45999,39% ,11,Samsung,8,256,5000 mAh,6017,358
246,4.5,29999,34999,14% ,11,MOTOROLA,8,256,5000 mAh,833,93
247,4.3,16999,24999,32% ,11,POCO,8,128,5500 mAh,28239,2138
248,4.3,15257,16999,10% ,11,IQOO,8,256,6000 mAh,2057,94
249,4.2,10999,13999,21% ,11,Samsung,4,128,5000 mAh,38028,2243
250,4.3,17499,18999,7% ,11,realme,8,128,7000 mAh,963,114
251,4.3,17499,18999,7% ,11,realme,8,128,7000 mAh,963,114
252,4.3,13999,16999,17% ,11,POCO,6,128,7000 mAh,5361,295
253,4.3,14999,17999,16% ,11,POCO,8,128,7000 mAh,3364,193
254,4.3,11999,14999,20% ,11,Motorola,8,128,5000 mAh,250147,12377
255,4.2,7387,9999,26% ,11,Samsung,4,64,5000 mAh,22,0
256,4.3,8199,10999,25% ,11,realme,6,128,5000 mAh,21839,790
257,4.2,9999,12499,20% ,11,Samsung,4,64,5000 mAh,38028,2243
258,4.4,15999,19999,20% ,11,Tecno,8,256,6000 mAh,8446,644
259,4.1,9487,12499,24% ,11,Samsung,4,64,5000 mAh,2505,149
260,4.5,39999,59999,33% ,11,Samsung,8,128,4700 mAh,72721,4641
261,4.5,45999,65999,30% ,11,Samsung,8,256,4700 mAh,72721,4641
262,4.5,45999,65999,30% ,11,Samsung,8,256,4700 mAh,72721,4641
263,4.5,40982,44999,8% ,11,OnePlus,12,256,6000 mAh,4784,301
264,4.3,39999,52999,24% ,12,Google,8,128,4404 mAh,11263,858
265,4.3,16674,22999,27% ,12,Samsung,6,128,5000 mAh,1661,91
266,4.4,49999,54999,9% ,12,MOTOROLA,8,256,4500 mAh,1995,143
267,4.0,6999,9999,30% ,12,Ai,6,128,5000 mAh,4818,303
268,4.3,15409,16999,9% ,12,REDMI,6,128,7000 mAh,1178,72
269,4.3,15990,17999,11% ,12,REDMI,8,128,7000 mAh,2540,130
270,4.3,15899,17999,11% ,12,REDMI,8,128,7000 mAh,2540,130
271,4.3,18386,19999,8% ,12,REDMI,8,256,7000 mAh,2540,130
272,4.3,13499,18999,28% ,12,POCO,6,128,5110 mAh,34877,2523
273,4.3,13099,14999,12% ,12,IQOO,6,128,6000 mAh,2849,111
274,4.6,49999,74999,33% ,12,Samsung,8,128,4000 mAh,49029,2702
275,4.4,15999,17999,11% ,12,realme,6,128,7000 mAh,3233,301
276,4.4,15999,17999,11% ,12,realme,6,128,7000 mAh,3233,301
277,4.4,15999,17999,11% ,12,realme,6,128,7000 mAh,3233,301
278,4.3,19499,20999,7% ,12,realme,8,256,7000 mAh,963,114
279,4.2,10417,13999,25% ,12,REDMI,4,128,5160 mAh,8657,430
280,4.2,11322,14999,24% ,12,REDMI,6,128,5160 mAh,9161,450
281,4.5,40999,44999,8% ,12,OnePlus,12,256,6000 mAh,4784,301
282,4.4,54999,72999,24% ,12,MOTOROLA,8,256,4500 mAh,1995,143
283,4.2,9699,10999,11% ,12,realme,6,128,6300 mAh,7929,306
284,4.4,18999,21999,13% ,12,realme,8,128,7000 mAh,12901,891
285,4.4,20999,23999,12% ,12,realme,8,256,7000 mAh,12901,891
286,4.4,18999,21999,13% ,12,realme,8,128,7000 mAh,12901,891
287,4.2,107499,164999,34% ,12,Samsung,12,256,5000 mAh,218,13
288,4.2,107499,164999,34% ,13,Samsung,12,256,5000 mAh,218,13
289,4.2,14000,19999,29% ,13,REDMI,8,128,5030 mAh,14482,763
290,4.2,12980,17999,27% ,13,POCO,8,128,5030 mAh,17662,1022
291,4.4,18999,21999,13% ,13,realme,8,128,7000 mAh,12901,891
292,4.4,23987,23999,13% ,13,OnePlus,8,256,5500 mAh,36094,1676
293,3.9,6799,8999,24% ,13,POCO,4,64,5200 mAh,54664,2462
294,4.2,10472,13999,25% ,13,REDMI,4,128,5160 mAh,8657,430
295,4.2,11313,14999,24% ,13,REDMI,6,128,5160 mAh,9161,450
296,4.3,13990,17999,22% ,13,REDMI,6,128,5030 mAh,48634,2407
297,4.3,17499,18999,7% ,13,realme,8,128,7000 mAh,963,114
298,4.3,22999,13999,13% ,13,realme,8,128,7000 mAh,5495,365
299,4.3,22999,13999,13% ,13,realme,8,128,7000 mAh,5495,365
300,4.3,13110,14999,12% ,13,IQOO,6,128,6000 mAh,2849,111
301,4.3,24999,37999,34% ,13,POCO,12,256,5000 mAh,9055,851
302,4.4,33999,37999,10% ,13,POCO,12,512,5000 mAh,19286,1876
303,4.5,36633,37999,3% ,13,OnePlus,12,256,6800 mAh,1392,104
304,4.5,40846,40999,13% ,13,OnePlus,12,512,6800 mAh,1392,104
305,4.3,15154,16999,10% ,13,REDMI,6,128,7000 mAh,1178,72
306,4.3,10999,11999,8% ,13,Tecno,4,128,6000 mAh,1360,121
307,4.3,10999,11999,8% ,13,Tecno,4,128,6000 mAh,1360,121
308,4.3,19999,22999,13% ,13,Samsung,6,128,5000 mAh,8712,500
309,4.5,33924,34999,3% ,13,OnePlus,8,256,6800 mAh,1948,130
310,4.2,12138,13999,13% ,13,IQOO,4,128,6000 mAh,2034,85
311,4.5,27345,31999,14% ,13,IQOO,8,128,6400 mAh,5477,354
312,4.5,29888,33999,12% ,14,IQOO,8,256,6400 mAh,5477,354
313,4.5,31549,35999,12% ,14,IQOO,12,256,6400 mAh,2807,182
314,4.5,27548,31999,13% ,14,IQOO,8,128,6400 mAh,5477,354
315,4.3,14990,16999,11% ,14,realme,6,128,6000 mAh,13824,674
316,4.0,6999,9999,30% ,14,Ai,6,128,5000 mAh,4818,303
317,4.3,19999,27999,28% ,14,POCO,8,256,5500 mAh,28239,2138
318,4.4,37999,42999,11% ,14,MOTOROLA,16,512,6000 mAh,2279,167
319,4.3,22996,26499,13% ,14,Samsung,8,256,5000 mAh,313,12
320,4.3,16999,24999,32% ,14,POCO,8,128,5500 mAh,28239,2138
321,4.0,9480,12499,24% ,14,Samsung,4,64,5000 mAh,178,8
322,4.4,14999,17999,16% ,14,realme,8,128,6000 mAh,8284,417
323,4.4,15999,20999,23% ,14,Motorola,8,128,5000 mAh,257702,12739
324,4.3,22999,13999,13% ,14,realme,8,128,7000 mAh,5495,365
325,4.6,55999,79999,30% ,14,Samsung,8,256,4000 mAh,49029,2702
326,4.5,36634,37999,3% ,14,OnePlus,12,256,6800 mAh,1392,104
327,4.4,14975,17499,14% ,14,IQOO,6,128,6500 mAh,8167,422
328,4.4,14858,17999,17% ,14,realme,8,128,6000 mAh,8284,417
329,4.0,9451,12499,24% ,14,Samsung,4,64,5000 mAh,178,8
330,4.3,13799,17999,23% ,14,REDMI,6,128,5030 mAh,48634,2407
331,4.4,24999,28999,13% ,14,realme,8,128,7000 mAh,16360,1316
332,4.4,14249,18999,25% ,14,Tecno,8,128,6000 mAh,8446,644
333,4.6,58302,62999,7% ,14,OnePlus,12,512,5850 mAh,1296,101
334,4.6,57988,62999,7% ,14,OnePlus,12,512,5850 mAh,1296,101
335,4.6,54397,57999,6% ,14,OnePlus,12,256,5850 mAh,1296,101
336,4.6,54397,57999,6% ,15,OnePlus,12,256,5850 mAh,1296,101
337,4.4,23789,24999,4% ,15,OnePlus,8,128,5500 mAh,27779,1521
338,4.4,21660,30999,30% ,15,Samsung,8,128,5000 mAh,732,48
339,4.5,36878,37999,2% ,15,OnePlus,12,256,6800 mAh,1392,104
340,4.3,6499,7999,18% ,15,Ai,4,64,5000 mAh,40425,2483
341,4.4,18999,20999,9% ,15,MOTOROLA,8,128,5500 mAh,79957,4017
342,4.3,14999,16999,11% ,15,Infinix,8,128,5500 mAh,4734,394
343,4.6,80999,13999,13% ,15,Samsung,12,256,4000 mAh,2801,314
344,4.2,24999,27499,9% ,15,Samsung,8,256,5000 mAh,4323,295
345,4.7,119900,13999,13% ,15,Apple,4,256,5000 mAh,55,4
346,4.5,29199,33999,14% ,15,IQOO,8,256,6400 mAh,5477,354
347,4.6,52986,57999,8% ,15,OnePlus,12,256,5850 mAh,1296,101
348,4.3,21999,32999,33% ,15,MOTOROLA,8,256,5000 mAh,41698,2966
349,4.6,53894,57999,7% ,15,OnePlus,12,256,5850 mAh,1296,101
350,4.6,98999,134999,26% ,15,Samsung,12,256,5000 mAh,7439,548
351,4.4,15999,19999,20% ,15,Tecno,8,256,6000 mAh,8446,644
352,4.3,19974,23499,15% ,15,Samsung,8,128,5000 mAh,313,12
353,4.3,19499,20999,7% ,15,realme,8,256,7000 mAh,963,114
354,4.2,10999,13999,21% ,15,Samsung,4,128,5000 mAh,38028,2243
355,4.3,35499,38999,8% ,15,Samsung,8,256,5000 mAh,1735,134
356,4.2,12499,15499,19% ,15,Samsung,6,128,5000 mAh,19656,1241
357,4.4,22999,24999,8% ,15,OnePlus,8,128,5500 mAh,27779,1521
358,3.9,8999,12999,30% ,15,Ai,8,128,5000 mAh,3381,301
359,4.2,18328,24999,26% ,15,REDMI,8,256,5110 mAh,3812,212
360,4.4,22999,24999,8% ,16,OnePlus,8,128,5500 mAh,27779,1521
361,4.3,17990,22999,21% ,16,Samsung,6,128,5000 mAh,1661,91
362,4.1,9850,13999,29% ,16,Samsung,4,64,5000 mAh,2505,149
363,4.5,37999,42999,11% ,16,vivo,12,256,5500 mAh,3437,325
364,4.5,35999,40999,12% ,16,vivo,8,256,5500 mAh,4791,438
365,4.3,15879,17999,11% ,16,REDMI,8,128,7000 mAh,2540,130
366,4.2,13447,19999,32% ,16,REDMI,8,128,5030 mAh,14482,763
367,4.4,21499,23499,8% ,16,IQOO,8,128,5700 mAh,3213,175
368,4.3,13499,14999,10% ,16,Infinix,6,128,5500 mAh,16130,1436
369,4.3,14999,16999,11% ,16,Infinix,8,128,5500 mAh,4734,394
370,4.3,13499,14999,10% ,16,Infinix,6,128,5500 mAh,16130,1436
371,4.4,33999,37999,10% ,16,POCO,12,512,5000 mAh,19286,1876
372,4.3,11999,14999,20% ,16,Motorola,8,128,5000 mAh,250147,12377
373,4.3,24999,13999,13% ,16,realme,8,256,7000 mAh,5495,365
374,4.1,21800,30999,29% ,16,Samsung,8,128,5000 mAh,48,2
375,4.4,22144,23499,5% ,16,IQOO,8,128,5700 mAh,3213,175
376,4.4,14249,18999,25% ,16,Tecno,8,128,6000 mAh,8446,644
377,4.5,18990,23999,20% ,16,realme,8,128,6000 mAh,821,41
378,4.4,17749,21999,19% ,16,Tecno,8,128,6000 mAh,3398,364
379,4.4,17749,21999,19% ,16,Tecno,8,128,6000 mAh,3398,364
380,4.2,13424,15999,16% ,16,realme,6,128,6000 mAh,1699,57
381,4.3,24999,13999,13% ,16,realme,8,256,7000 mAh,5495,365
382,4.2,26999,27999,3% ,16,realme,12,256,7000 mAh,640,56
383,4.4,22500,25999,13% ,16,IQOO,8,128,7300 mAh,4860,235
384,4.4,23999,33999,29% ,17,POCO,12,256,6550 mAh,7995,788
385,4.5,39999,44999,11% ,17,vivo,12,512,5500 mAh,3437,325
386,4.3,23999,26499,9% ,17,Samsung,8,256,5000 mAh,313,12
387,4.4,33999,37999,10% ,17,POCO,12,512,5000 mAh,19286,1876
388,4.5,35999,40999,12% ,17,vivo,8,256,5500 mAh,4791,438
389,4.6,38968,38999,13% ,17,IQOO,8,256,7000 mAh,1253,94
390,4.6,55999,79999,30% ,17,Samsung,8,256,4000 mAh,49029,2702
391,4.4,24689,42999,42% ,17,Samsung,8,128,5000 mAh,6017,358
392,4.3,19499,19999,2% ,17,realme,8,128,7000 mAh,2985,211
393,4.4,17999,18999,5% ,17,realme,6,128,7000 mAh,3706,256
394,4.3,14312,16999,15% ,17,realme,6,128,6000 mAh,13824,674
395,4.5,37999,42999,11% ,17,vivo,12,256,5500 mAh,3437,325
396,4.3,25699,26999,4% ,17,IQOO,12,256,5700 mAh,408,26
397,4.2,15499,16499,6% ,17,Samsung,4,128,5000 mAh,73,5
398,4.2,12499,13999,10% ,17,realme,4,128,6000 mAh,1498,74
399,4.5,69900,13999,13% ,17,Apple,4,256,5000 mAh,1760,115
400,3.9,8999,12999,30% ,17,Ai,8,128,5000 mAh,3381,301
401,4.1,7999,10999,27% ,17,Ai,6,128,5000 mAh,19601,1323
402,3.5,6499,7999,18% ,17,I,4,64,5000 mAh,8,1
403,4.3,16999,19999,15% ,17,REDMI,8,256,7000 mAh,2540,130
404,4.2,15444,19999,22% ,17,Samsung,6,128,5000 mAh,4230,186
405,4.4,17749,21999,19% ,17,Tecno,8,128,6000 mAh,3398,364
406,4.3,33999,40999,17% ,17,MOTOROLA,12,256,6000 mAh,13240,1089
407,4.5,74999,79999,6% ,17,Google,12,256,4970 mAh,1337,86
408,4.3,11999,14499,17% ,18,POCO,4,128,5000 mAh,75,3
409,3.9,8999,12999,30% ,18,Ai,8,128,5000 mAh,3381,301
410,4.4,20999,27999,25% ,18,Motorola,12,256,5000 mAh,172252,11415
411,4.4,15315,17999,14% ,18,realme,8,128,6000 mAh,8284,417
412,4.3,21999,33999,35% ,18,POCO,8,256,5000 mAh,14405,1263
413,4.4,23999,33999,29% ,18,POCO,12,256,6550 mAh,7995,788
414,4.4,25999,31999,18% ,18,Infinix,8,256,5500 mAh,2102,148
415,4.4,24999,25999,3% ,18,IQOO,8,128,7300 mAh,4860,235
416,4.4,30999,39999,22% ,18,realme,12,512,6000 mAh,8675,947
417,4.4,28379,29999,5% ,18,IQOO,12,256,7300 mAh,1094,63
418,4.3,21999,31999,31% ,18,POCO,8,256,6550 mAh,16224,1708
419,4.3,24999,13999,13% ,18,realme,8,256,7000 mAh,5495,365
420,4.7,75999,99999,24% ,18,Samsung,12,256,4900 mAh,238,37
421,4.6,79999,13999,13% ,18,Google,12,256,4700 mAh,18097,1226
422,4.6,38439,38999,1% ,18,IQOO,8,256,7000 mAh,1253,94
423,4.5,40362,40999,1% ,18,IQOO,12,256,7000 mAh,909,67
424,4.3,14999,17999,16% ,18,POCO,8,128,7000 mAh,3364,193
425,4.2,14988,19999,25% ,18,Samsung,6,128,5000 mAh,4230,186
426,4.3,28169,35999,21% ,18,Samsung,8,128,5000 mAh,1735,134
427,4.0,26999,28999,6% ,18,Samsung,8,128,5000 mAh,3182,254
428,4.4,34999,37999,7% ,18,realme,12,256,6000 mAh,8675,947
429,4.1,12999,15999,18% ,18,POCO,4,128,7000 mAh,1322,89
430,4.1,10485,13999,25% ,18,OPPO,4,128,5100 mAh,1770,87
431,4.4,17999,18999,5% ,18,realme,6,128,7000 mAh,3706,256
432,4.1,10485,13999,25% ,19,OPPO,4,128,5100 mAh,1770,87
433,4.0,26999,28999,6% ,19,Samsung,8,128,5000 mAh,3182,254
434,4.4,34999,37999,7% ,19,realme,12,256,6000 mAh,8675,947
435,4.6,79900,13999,13% ,19,Apple,4,256,5000 mAh,198933,6344
436,4.5,31720,35999,11% ,19,IQOO,12,256,6400 mAh,2807,182
437,4.4,38499,41999,8% ,19,Samsung,12,256,5000 mAh,267,18
438,4.3,33999,40999,17% ,19,MOTOROLA,12,256,6000 mAh,13240,1089
439,4.4,24999,28999,13% ,19,realme,8,128,7000 mAh,16360,1316
440,4.4,26999,30999,12% ,19,realme,8,256,7000 mAh,16360,1316
441,4.4,26999,30999,12% ,19,realme,8,256,7000 mAh,16360,1316
442,4.3,20999,24999,16% ,19,Tecno,8,128,5160 mAh,780,64
443,4.4,28999,32999,12% ,19,realme,12,256,7000 mAh,3635,305
444,4.4,26999,30999,12% ,19,realme,8,256,7000 mAh,16360,1316
445,4.4,28999,32999,12% ,19,realme,12,256,7000 mAh,3635,305
446,4.4,18749,23999,21% ,19,Tecno,8,256,6000 mAh,3398,364
447,4.4,21670,30999,30% ,19,Samsung,8,128,5000 mAh,243,15
448,4.1,8799,9999,12% ,19,LAVA,4,64,5000 mAh,55,1
449,4.4,20999,29999,30% ,19,Motorola,8,256,4310 mAh,32167,3048
450,4.3,10999,11999,8% ,19,Tecno,4,128,6000 mAh,1360,121
451,4.4,24999,35999,30% ,19,realme,8,256,6000 mAh,17514,2044
452,4.3,18320,19999,8% ,19,REDMI,8,256,7000 mAh,2540,130
453,4.3,10999,11999,8% ,19,Tecno,4,128,6000 mAh,1360,121
454,4.3,13988,15999,12% ,19,realme,8,128,6000 mAh,2252,89
455,4.1,8999,12999,30% ,19,OPPO,4,64,5100 mAh,1770,87
456,4.4,15999,20999,23% ,20,Motorola,8,128,5000 mAh,257702,12739
457,4.1,6699,8999,25% ,20,Infinix,3,64,5000 mAh,4501,267
458,4.4,29999,33999,11% ,20,realme,8,128,6000 mAh,17514,2044
459,4.5,33999,38999,12% ,20,vivo,12,256,6500 mAh,826,52
460,4.2,11264,14999,24% ,20,REDMI,6,128,5160 mAh,9161,450
461,4.4,23890,25999,8% ,20,IQOO,8,128,7300 mAh,4860,235
462,4.3,8999,12999,30% ,20,OPPO,4,64,6000 mAh,113,7
463,4.4,29999,34999,14% ,20,vivo,8,128,6500 mAh,2024,125
464,4.4,31999,36999,13% ,20,vivo,8,256,6500 mAh,2024,125
465,4.5,7644,10499,27% ,20,Samsung,4,64,5000 mAh,48,2
466,4.5,7516,10499,28% ,20,Samsung,4,64,5000 mAh,48,2
467,4.4,17999,18999,5% ,20,realme,6,128,7000 mAh,3706,256
468,4.3,19999,27999,28% ,20,POCO,8,256,5500 mAh,28239,2138
469,4.2,10499,13999,25% ,20,REDMI,4,128,5160 mAh,8657,430
470,4.6,49999,74999,33% ,20,Samsung,8,128,4000 mAh,49029,2702
471,4.5,74999,79999,6% ,20,Google,12,256,4970 mAh,1337,86
472,4.5,6699,8499,21% ,20,Tecno,3,64,5000 mAh,151,7
473,4.5,6699,8499,21% ,20,Tecno,3,64,5000 mAh,151,7
474,4.2,17381,21499,19% ,20,Samsung,8,128,5000 mAh,3868,205
475,4.0,7299,8399,13% ,20,LAVA,4,128,5000 mAh,299,19
476,4.3,18990,20999,9% ,20,Samsung,6,128,5000 mAh,261,12
477,4.3,18990,20999,9% ,20,Samsung,6,128,5000 mAh,261,12
478,4.3,13450,15999,15% ,20,LAVA,6,128,5000 mAh,60,6
479,4.4,16999,20999,19% ,20,realme,8,128,6000 mAh,22314,1440
480,4.5,29999,34999,14% ,21,MOTOROLA,8,256,5000 mAh,833,93
481,4.4,37999,42999,11% ,21,MOTOROLA,16,512,6000 mAh,2279,167
482,4.3,14952,16999,12% ,21,realme,6,128,6000 mAh,13824,674
483,4.5,19499,24999,22% ,21,Infinix,8,128,5500 mAh,317,16
484,4.1,7999,10999,27% ,21,Ai,6,128,5000 mAh,19601,1323
485,4.3,18990,20999,9% ,21,Samsung,6,128,5000 mAh,261,12
486,4.1,7999,10999,27% ,21,Ai,6,128,5000 mAh,19601,1323
487,4.6,109999,13999,13% ,21,Google,16,256,4870 mAh,339,32
488,4.4,25999,31999,18% ,21,Infinix,8,256,5500 mAh,2102,148
489,4.4,10499,14499,27% ,21,vivo,4,128,5000 mAh,73122,2366
490,4.4,11499,15499,25% ,21,vivo,6,128,5000 mAh,107747,3647
491,4.5,27999,33999,17% ,21,OPPO,8,128,7000 mAh,7973,485
492,4.7,75999,83999,9% ,21,vivo,12,256,6040 mAh,377,58
493,4.7,75999,83999,9% ,21,vivo,12,256,6040 mAh,377,58
494,4.7,81999,89999,8% ,21,vivo,12,512,6040 mAh,377,58
495,4.7,75999,83999,9% ,21,vivo,12,256,6040 mAh,377,58
496,4.4,15999,18999,15% ,21,Tecno,6,128,5500 mAh,2151,222
497,4.7,81999,89999,8% ,21,vivo,12,512,6040 mAh,377,58
498,4.2,10999,13999,13% ,21,Motorola,4,64,5000 mAh,91117,7758
499,4.2,10690,13999,23% ,21,REDMI,4,128,5160 mAh,8657,430
500,4.2,7499,8999,16% ,21,Tecno,4,64,5000 mAh,2209,131
501,4.4,31999,36999,13% ,21,vivo,8,256,6500 mAh,2024,125
502,4.2,7499,8999,16% ,21,Tecno,4,64,5000 mAh,2209,131
503,4.2,7499,8999,16% ,21,Tecno,4,64,5000 mAh,2209,131
504,4.2,7499,8999,16% ,22,Tecno,4,64,5000 mAh,2209,131
505,4.2,18896,20999,10% ,22,Samsung,6,128,5000 mAh,82749,3841
506,4.5,40545,40999,1% ,22,IQOO,12,256,7000 mAh,909,67
507,4.7,109999,129999,15% ,22,Samsung,12,256,5000 mAh,338,23
508,4.3,20999,24999,16% ,22,Tecno,8,128,5160 mAh,780,64
509,4.3,20999,24999,16% ,22,Tecno,8,128,5160 mAh,780,64
510,4.4,18499,21499,13% ,22,vivo,6,128,6500 mAh,390,13
511,4.4,16999,19999,15% ,22,vivo,4,128,6500 mAh,280,7
512,4.4,16999,19999,15% ,22,vivo,4,128,6500 mAh,280,7
513,4.3,19499,19999,2% ,22,realme,8,128,7000 mAh,2985,211
514,4.3,20999,21999,4% ,22,realme,8,256,7000 mAh,2985,211
515,4.4,23988,36999,35% ,22,OPPO,12,256,6000 mAh,1235,62
516,4.3,33784,48999,31% ,22,Samsung,12,256,5000 mAh,679,50
517,4.2,11499,12999,11% ,22,realme,4,64,6000 mAh,1498,74
518,4.2,11499,12999,11% ,22,realme,4,64,6000 mAh,1498,74
519,4.4,16999,20999,19% ,22,realme,8,128,6000 mAh,22314,1440
520,4.5,85999,93999,8% ,22,vivo,16,512,6040 mAh,26,2
521,4.3,17999,19999,10% ,22,Tecno,8,128,5500 mAh,1326,138
522,4.5,85999,93999,8% ,22,vivo,16,512,6040 mAh,26,2
523,4.7,81999,89999,8% ,22,vivo,12,512,6040 mAh,377,58
524,4.5,27999,35999,22% ,22,realme,12,256,6000 mAh,3728,353
525,4.3,15150,16999,10% ,22,REDMI,6,128,7000 mAh,1178,72
526,4.4,25999,33999,23% ,22,POCO,12,256,6550 mAh,7995,788
527,4.4,22899,24999,8% ,22,IQOO,8,256,5700 mAh,3213,175
528,4.1,14999,24999,40% ,23,Tecno,8,128,5000 mAh,890,95
529,4.1,21189,27999,24% ,23,Samsung,8,128,5000 mAh,252,28
530,4.4,18749,23999,21% ,23,Tecno,8,256,6000 mAh,3398,364
531,4.4,18749,23999,21% ,23,Tecno,8,256,6000 mAh,3398,364
532,4.5,33999,38999,12% ,23,vivo,12,256,6500 mAh,826,52
533,4.5,29999,35999,16% ,23,OPPO,8,256,7000 mAh,7973,485
534,4.5,29999,35999,16% ,23,OPPO,8,256,7000 mAh,7973,485
535,4.5,27999,33999,17% ,23,OPPO,8,128,7000 mAh,7973,485
536,4.5,27999,33999,17% ,23,OPPO,8,128,7000 mAh,7973,485
537,4.2,13499,19999,32% ,23,REDMI,8,128,5030 mAh,14482,763
538,4.1,9395,12999,27% ,23,OPPO,4,64,5100 mAh,1770,87
539,4.2,10999,13499,18% ,23,LAVA,6,128,5000 mAh,164,12
540,4.4,21990,36999,40% ,23,OPPO,12,256,6000 mAh,1235,62
541,4.4,26999,35999,25% ,23,realme,8,256,6000 mAh,17514,2044
542,4.3,14999,17999,16% ,23,POCO,8,128,7000 mAh,3364,193
543,4.4,24580,24999,1% ,23,IQOO,8,256,5700 mAh,3213,175
544,4.2,10999,13499,18% ,23,LAVA,6,128,5000 mAh,164,12
545,4.2,17980,22999,21% ,23,REDMI,8,256,5110 mAh,3812,212
546,4.2,11775,13999,15% ,23,realme,4,128,6000 mAh,1498,74
547,4.2,13999,19999,30% ,23,REDMI,8,128,5000 mAh,14482,763
548,4.4,13999,14499,3% ,23,vivo,4,128,5000 mAh,73122,2366
549,4.3,6499,7999,18% ,23,Ai,4,64,5000 mAh,40425,2483
550,4.3,17999,19999,10% ,23,Tecno,8,128,5500 mAh,1326,138
551,4.0,17958,24499,26% ,23,Samsung,8,128,5000 mAh,319,16
552,4.4,23690,32999,28% ,24,OPPO,8,128,6000 mAh,1855,128
553,4.2,12242,13999,12% ,24,realme,4,128,6000 mAh,1498,74
554,4.4,21999,22999,4% ,24,Nothing,8,128,5000 mAh,315,26
555,4.4,21999,22999,4% ,24,Nothing,8,128,5000 mAh,315,26
556,4.4,23999,24999,4% ,24,Nothing,8,256,5000 mAh,315,26
557,4.4,23999,24999,4% ,24,Nothing,8,256,5000 mAh,315,26
558,4.4,15999,18999,15% ,24,Tecno,6,128,5500 mAh,2151,222
559,4.2,12999,14999,13% ,24,OPPO,4,64,5100 mAh,5204,197
560,4.1,14633,17999,18% ,24,realme,8,128,7000 mAh,23,0
561,4.4,19999,34999,42% ,24,OPPO,8,256,6000 mAh,1855,128
562,4.4,30999,39999,22% ,24,realme,12,512,6000 mAh,8675,947
563,4.4,22499,30999,27% ,24,Samsung,8,128,5000 mAh,732,48
564,4.2,16445,22999,28% ,24,REDMI,8,128,5110 mAh,3812,212
565,4.3,18948,23499,19% ,24,Samsung,8,128,5000 mAh,313,12
566,4.3,20990,26499,20% ,24,Samsung,8,256,5000 mAh,313,12
567,4.2,18783,24999,24% ,24,REDMI,8,256,5110 mAh,3812,212
568,4.3,18838,23499,19% ,24,Samsung,8,128,5000 mAh,313,12
569,4.3,13203,15999,17% ,24,LAVA,6,128,5000 mAh,60,6
570,4.4,29500,29999,1% ,24,IQOO,12,256,7300 mAh,1094,63
571,4.3,24999,39999,37% ,24,POCO,12,256,5000 mAh,9055,851
572,4.4,25999,33999,23% ,24,realme,8,256,6000 mAh,18465,1804
573,4.4,34999,37999,7% ,24,realme,12,256,6000 mAh,8675,947
574,4.4,29999,33999,11% ,24,realme,8,128,6000 mAh,17514,2044
575,4.4,31999,35999,11% ,24,realme,8,256,6000 mAh,17514,2044
576,4.7,134900,13999,13% ,25,Apple,4,256,5000 mAh,668,49
577,4.4,29999,33999,11% ,25,realme,8,128,6000 mAh,17514,2044
578,4.2,8199,10999,25% ,25,REDMI,4,128,5000 mAh,2072,84
579,4.4,18999,23999,20% ,25,vivo,8,256,6500 mAh,475,19
580,4.4,23999,24999,4% ,25,Nothing,8,256,5000 mAh,315,26
581,4.5,22999,29999,23% ,25,vivo,8,128,5500 mAh,91994,5614
582,4.5,22999,29999,23% ,25,vivo,8,128,5500 mAh,91994,5614
583,4.8,149900,13999,13% ,25,Apple,4,256,5000 mAh,416,35
584,4.4,13280,16999,21% ,25,realme,6,128,7000 mAh,56,2
585,4.4,13200,16999,22% ,25,realme,6,128,7000 mAh,56,2
586,4.4,15999,19999,20% ,25,realme,6,128,6000 mAh,32951,2088
587,4.4,15999,19999,20% ,25,realme,6,128,6000 mAh,32951,2088
588,4.3,21999,26499,16% ,25,Samsung,8,256,5000 mAh,313,12
589,4.3,24999,27999,10% ,25,POCO,12,512,5100 mAh,13444,1124
590,4.6,109999,13999,13% ,25,Google,16,256,4870 mAh,339,32
591,4.4,15999,19999,20% ,25,realme,6,128,6000 mAh,32951,2088
592,4.4,18499,22999,19% ,25,vivo,8,128,5000 mAh,137865,8226
593,4.4,18499,22999,19% ,25,vivo,8,128,5000 mAh,137865,8226
594,4.4,19999,28999,31% ,25,realme,8,128,6000 mAh,17591,1310
595,4.5,27999,35999,22% ,25,realme,12,256,6000 mAh,3728,353
596,4.4,31999,35999,11% ,25,POCO,12,256,5000 mAh,19286,1876
597,4.2,16399,21499,23% ,25,Samsung,8,128,5000 mAh,3868,205
598,4.1,6999,8999,22% ,25,REDMI,3,64,5200 mAh,6572,309
599,4.1,6999,8999,22% ,25,REDMI,3,64,5200 mAh,6572,309
600,4.1,6999,8999,22% ,26,REDMI,3,64,5200 mAh,6572,309
601,4.1,6999,8999,22% ,26,REDMI,3,64,5200 mAh,6572,309
602,4.5,41999,46999,10% ,26,realme,12,512,5000 mAh,322,29
603,4.5,41999,46999,10% ,26,realme,12,512,5000 mAh,322,29
604,4.0,6999,9999,30% ,26,Ai,6,128,5000 mAh,4818,303
605,4.2,16399,22999,28% ,26,REDMI,8,128,5110 mAh,3812,212
606,4.6,110999,129999,14% ,26,Samsung,12,256,5000 mAh,2531,256
607,4.2,13499,15999,15% ,26,realme,6,128,6000 mAh,1699,57
608,4.6,109999,129999,15% ,26,Samsung,12,256,5000 mAh,2531,256
609,4.5,37999,42999,11% ,26,realme,12,256,5000 mAh,322,29
610,4.4,18499,22999,19% ,26,realme,8,256,6000 mAh,22314,1440
611,4.5,37999,42999,11% ,26,realme,12,256,5000 mAh,322,29
612,4.3,25289,26999,6% ,26,IQOO,12,256,5700 mAh,408,26
613,4.5,37999,42999,11% ,26,realme,12,256,5000 mAh,322,29
614,4.6,69900,13999,13% ,26,Apple,4,128,5000 mAh,86809,4757
615,4.3,10999,11999,8% ,26,Infinix,4,128,6000 mAh,1252,100
616,4.3,10999,11999,8% ,26,Infinix,4,128,6000 mAh,1252,100
617,4.3,10999,11999,8% ,26,Infinix,4,128,6000 mAh,1252,100
618,4.4,20499,24999,18% ,26,vivo,8,256,5000 mAh,137865,8226
619,4.1,9749,12999,25% ,26,POCO,6,128,5160 mAh,70470,3269
620,4.4,29999,34999,14% ,26,vivo,8,128,6500 mAh,2024,125
621,4.3,8999,12999,30% ,26,OPPO,4,64,6000 mAh,113,7
622,4.5,24999,31999,21% ,26,vivo,8,256,5500 mAh,91994,5614
623,4.2,7999,9999,20% ,26,REDMI,4,128,5200 mAh,4450,224
624,4.4,25999,29999,13% ,27,vivo,8,128,5500 mAh,1292,68
625,4.4,41680,52999,21% ,27,Samsung,12,256,5000 mAh,492,33
626,4.4,25999,29999,13% ,27,vivo,8,128,5500 mAh,1292,68
627,4.3,12499,16999,26% ,27,OPPO,4,128,6000 mAh,483,14
628,4.3,12499,13999,10% ,27,Infinix,6,128,5200 mAh,2705,152
629,4.3,11499,14999,23% ,27,OPPO,4,64,6000 mAh,483,14
630,4.4,27790,38999,28% ,27,realme,12,256,5200 mAh,10465,968
631,4.3,12499,13999,10% ,27,Infinix,6,128,5200 mAh,2705,152
632,4.4,34999,13999,13% ,27,OPPO,8,256,5000 mAh,16412,698
633,4.3,13666,15999,14% ,27,REDMI,6,128,5000 mAh,42885,1759
634,4.4,40999,45999,10% ,27,Samsung,8,128,5000 mAh,701,49
635,4.3,19999,22999,13% ,27,Samsung,6,128,5000 mAh,8712,500
636,4.3,33480,48999,31% ,27,Samsung,12,256,5000 mAh,679,50
637,4.4,27499,33999,19% ,27,Samsung,8,256,5000 mAh,732,48
638,4.4,30999,39999,22% ,27,REDMI,12,512,6200 mAh,420,13
639,3.9,6599,8999,26% ,27,POCO,4,64,5200 mAh,54664,2462
640,4.8,169900,13999,13% ,27,Apple,4,512,5000 mAh,416,35
641,4.3,11999,15999,25% ,27,REDMI,6,128,5000 mAh,42885,1759
642,4.4,23999,30999,22% ,27,OPPO,8,256,6500 mAh,2633,142
643,4.2,26994,41999,35% ,27,OPPO,8,128,5600 mAh,401,32
644,4.3,36999,59999,38% ,27,Xiaomi,12,512,4700 mAh,1182,107
645,4.7,11999,14999,20% ,27,vivo,4,0,6000 mAh,16,0
646,4.3,23999,27999,14% ,27,realme,8,256,5200 mAh,741,41
647,4.3,21999,25999,15% ,27,realme,8,128,5200 mAh,741,41
648,4.5,19499,24999,22% ,28,Infinix,8,128,5500 mAh,234,11
649,4.2,15999,19999,20% ,28,Samsung,6,128,5000 mAh,4230,186
650,4.2,15499,18999,18% ,28,Samsung,8,128,5000 mAh,3437,210
651,4.6,99000,134999,26% ,28,Samsung,12,256,5000 mAh,7439,548
652,4.4,17445,21499,18% ,28,vivo,6,128,6500 mAh,390,13
653,4.2,11990,14999,20% ,28,Tecno,8,128,5000 mAh,1759,90
654,4.3,15490,21999,29% ,28,REDMI,6,128,5110 mAh,3026,143
655,4.4,21999,25499,13% ,28,vivo,8,256,6500 mAh,226,12
656,4.4,21999,25499,13% ,28,vivo,8,256,6500 mAh,226,12
657,4.2,11999,14999,20% ,28,REDMI,6,128,5160 mAh,9161,450
658,4.2,11999,14999,20% ,28,REDMI,6,128,5160 mAh,9161,450
659,4.2,11999,14999,20% ,28,REDMI,6,128,5160 mAh,9161,450
660,4.7,109999,119999,8% ,28,vivo,16,512,6510 mAh,172,35
661,4.7,109999,119999,8% ,28,vivo,16,512,6510 mAh,172,35
662,4.7,13499,15999,15% ,28,OPPO,4,128,6500 mAh,25,0
663,4.6,14999,17499,14% ,28,OPPO,6,128,6500 mAh,45,3
664,4.5,7634,10499,27% ,28,Samsung,4,64,5000 mAh,48,2
665,4.7,134900,13999,13% ,28,Apple,4,256,5000 mAh,668,49
666,4.3,26499,29999,11% ,28,OPPO,8,256,7000 mAh,1366,72
667,4.3,26999,29999,10% ,28,OPPO,8,256,7000 mAh,1366,72
668,4.3,26999,29999,10% ,28,OPPO,8,256,7000 mAh,1366,72
669,3.9,16445,16999,3% ,28,LAVA,6,128,5000 mAh,184,16
670,4.7,47670,54999,13% ,28,OnePlus,12,256,7400 mAh,39,5
671,4.4,34999,39999,12% ,28,realme,8,256,5000 mAh,523,44
672,4.2,14999,13999,13% ,29,Motorola,8,128,5000 mAh,149015,10007
673,4.3,34999,39999,12% ,29,OPPO,12,256,7000 mAh,283,15
674,4.2,12349,15999,22% ,29,realme,4,128,6000 mAh,1202,71
675,4.4,27580,36999,25% ,29,REDMI,8,256,6200 mAh,498,27
676,4.5,35999,41999,14% ,29,vivo,8,128,6500 mAh,2728,213
677,4.4,27999,36999,24% ,29,Motorola,8,256,4500 mAh,34594,2987
678,4.0,21999,28999,24% ,29,Samsung,8,128,5000 mAh,3182,254
679,3.9,16899,17999,6% ,29,LAVA,8,128,5000 mAh,136,10
680,4.3,7299,8999,18% ,29,Tecno,4,64,5000 mAh,6439,310
681,4.3,7299,8999,18% ,29,Tecno,4,64,5000 mAh,6439,310
682,4.4,25870,34999,26% ,29,REDMI,8,128,6200 mAh,498,27
683,4.4,24490,33999,27% ,29,vivo,8,128,5600 mAh,3088,179
684,4.4,36999,44999,17% ,29,OPPO,12,256,7000 mAh,325,34
685,4.4,36999,44999,17% ,29,OPPO,12,256,7000 mAh,325,34
686,4.5,32999,39999,17% ,29,vivo,8,128,6000 mAh,8087,654
687,4.4,31999,43999,27% ,29,OPPO,8,256,5600 mAh,4915,527
688,4.3,11999,15999,25% ,29,REDMI,6,128,5000 mAh,42885,1759
689,4.3,35499,38999,8% ,29,Samsung,8,256,5000 mAh,1735,134
690,4.6,55999,79999,30% ,29,Samsung,8,256,4000 mAh,8469,446
691,3.9,16999,18999,10% ,29,LAVA,6,128,5000 mAh,184,16
692,4.6,14499,16999,14% ,29,POCO,8,128,5000 mAh,26,3
693,4.3,34999,39999,12% ,29,OPPO,12,256,7000 mAh,283,15
694,4.3,22999,25999,11% ,29,vivo,8,128,6000 mAh,558,22
695,4.4,26998,38998,30% ,29,realme,12,256,5200 mAh,10465,968
696,4.4,25999,27999,7% ,30,Nothing,8,256,5000 mAh,104792,8121
697,4.4,25999,27999,7% ,30,Nothing,8,256,5000 mAh,104792,8121
698,4.4,13999,16999,17% ,30,realme,6,128,6000 mAh,1833,74
699,4.2,18448,28999,36% ,30,OPPO,8,256,5000 mAh,2006,140
700,4.2,13999,17499,20% ,30,Samsung,6,128,5000 mAh,10029,578
701,4.4,23999,30999,22% ,30,realme,8,256,5200 mAh,8097,542
702,4.4,27999,29999,6% ,30,Nothing,12,256,5000 mAh,16468,1219
703,4.4,23999,25999,7% ,30,Nothing,8,128,5000 mAh,104792,8121
704,4.4,28450,36999,23% ,30,REDMI,8,256,6200 mAh,498,27
705,4.0,12999,13999,13% ,30,Motorola,4,64,5000 mAh,58821,4963
706,4.6,141999,13999,13% ,30,Samsung,12,512,5000 mAh,2531,256
707,4.2,14447,19999,27% ,30,REDMI,8,128,5030 mAh,263,10
708,4.4,27999,36999,24% ,30,Motorola,8,256,4500 mAh,34594,2987
709,4.6,72970,79999,8% ,30,OnePlus,16,512,6000 mAh,276,24
710,4.5,37999,48999,22% ,30,vivo,12,512,6000 mAh,2084,180
711,4.3,11999,14999,20% ,30,Motorola,8,128,5000 mAh,250147,12377
712,4.4,22645,27999,19% ,30,realme,12,256,6000 mAh,139,15
713,4.4,23999,32999,27% ,30,OPPO,8,128,5000 mAh,16412,698
714,4.2,13999,18999,26% ,30,vivo,6,128,5000 mAh,2846,121
715,4.2,14385,19999,28% ,30,REDMI,8,128,5030 mAh,263,10
716,4.5,14035,15999,12% ,30,REDMI,6,128,6000 mAh,12,0
717,4.3,23999,31999,25% ,30,POCO,8,256,6550 mAh,16224,1708
718,3.5,3969,4999,20% ,30,nuveck,4,32,3000 mAh,51,1
719,4.5,34899,42999,18% ,30,vivo,8,256,6000 mAh,8087,654
720,4.3,13779,16499,16% ,31,Samsung,4,128,5000 mAh,94,7
721,4.2,13999,14999,6% ,31,Motorola,8,128,5000 mAh,149015,10007
722,4.3,13783,16499,16% ,31,Samsung,4,128,5000 mAh,94,7
723,4.1,10783,13499,20% ,31,Samsung,4,128,5000 mAh,2505,149
724,4.4,23990,30999,22% ,31,realme,8,256,5200 mAh,8097,542
725,4.1,10545,13999,24% ,31,OPPO,4,128,5100 mAh,1770,87
726,4.4,25999,29999,13% ,31,realme,8,128,7000 mAh,9722,791
727,4.4,25999,29999,13% ,31,realme,8,128,7000 mAh,9722,791
728,4.4,27999,31999,12% ,31,realme,8,256,7000 mAh,9722,791
729,4.4,25999,29999,13% ,31,realme,8,128,7000 mAh,9722,791
730,4.4,27999,31999,12% ,31,realme,8,256,7000 mAh,9722,791
731,4.4,27999,31999,12% ,31,realme,8,256,7000 mAh,9722,791
732,4.3,12999,14999,13% ,31,Tecno,8,128,5000 mAh,130,12
733,4.4,25999,34999,25% ,31,OPPO,8,256,6000 mAh,1855,128
734,4.3,19749,32999,40% ,31,vivo,8,128,5000 mAh,9522,822
735,4.6,49999,74999,33% ,31,Samsung,8,128,4000 mAh,8469,446
736,4.7,154900,13999,13% ,31,Apple,4,512,5000 mAh,668,49
737,4.3,6899,8599,19% ,31,Tecno,3,64,5000 mAh,1811,83
738,4.1,9999,11999,16% ,31,Tecno,4,64,5000 mAh,1152,49
739,4.1,9999,11999,16% ,31,Tecno,4,64,5000 mAh,1152,49
740,4.4,38499,41999,8% ,31,Samsung,12,256,5000 mAh,267,18
741,3.9,8999,12999,30% ,31,Ai,8,128,5000 mAh,3381,301
742,4.2,13790,19999,31% ,31,OPPO,6,128,5100 mAh,1483,66
743,4.4,26999,27999,3% ,31,IQOO,8,256,7300 mAh,4860,235
744,4.3,24999,27999,10% ,32,OPPO,8,128,7000 mAh,1366,72
745,4.1,10499,12999,19% ,32,Tecno,4,128,5000 mAh,1152,49
746,4.3,11999,15999,25% ,32,Tecno,6,128,5000 mAh,5833,351
747,4.3,24999,27999,10% ,32,OPPO,8,128,7000 mAh,1366,72
748,4.3,12499,17999,30% ,32,REDMI,6,128,5000 mAh,48634,2407
749,4.3,11999,15999,25% ,32,Tecno,6,128,5000 mAh,5833,351
750,4.4,20490,32999,37% ,32,OPPO,8,128,6000 mAh,1855,128
751,3.9,6599,8999,26% ,32,POCO,4,64,5200 mAh,54664,2462
752,4.3,29850,54999,45% ,32,Xiaomi,8,256,4700 mAh,1758,214
753,4.3,9654,13999,31% ,32,REDMI,4,128,5000 mAh,47168,1847
754,4.4,26290,34999,24% ,32,REDMI,8,128,6200 mAh,498,27
755,4.1,9749,12999,25% ,32,POCO,6,128,5160 mAh,70470,3269
756,4.2,13999,19999,30% ,32,REDMI,8,128,5000 mAh,14482,763
757,4.3,19999,23499,14% ,32,Samsung,8,128,5000 mAh,313,12
758,4.7,75999,99999,24% ,32,Samsung,12,256,4900 mAh,238,37
759,4.4,19999,28999,31% ,32,realme,8,128,6000 mAh,17591,1310
760,4.4,25999,36999,29% ,32,realme,8,256,5200 mAh,17249,1674
761,4.4,26370,34999,24% ,32,REDMI,8,128,6200 mAh,498,27
762,4.7,48323,54999,12% ,32,OnePlus,12,256,7400 mAh,39,5
763,4.7,47367,54999,13% ,32,OnePlus,12,256,7400 mAh,39,5
764,4.3,12999,14999,13% ,32,Tecno,8,128,5000 mAh,130,12
765,4.1,10399,15499,32% ,32,Samsung,4,128,5000 mAh,2505,149
766,4.5,35779,43999,18% ,32,vivo,8,256,6500 mAh,2728,213
767,4.8,149900,13999,13% ,32,Apple,4,256,5000 mAh,416,35
768,4.5,10999,13999,21% ,33,realme,6,128,5000 mAh,24893,740
769,4.3,43999,13999,13% ,33,Google,6,128,4410 mAh,76052,8530
770,4.3,43999,13999,13% ,33,Google,6,128,4410 mAh,76052,8530
771,4.5,35990,43999,18% ,33,vivo,8,256,6500 mAh,2728,213
772,4.3,9999,13999,28% ,33,OPPO,4,128,6000 mAh,113,7
773,4.4,21970,28999,24% ,33,REDMI,8,128,5500 mAh,5323,373
774,4.2,14999,13999,13% ,33,Motorola,8,128,5000 mAh,149015,10007
775,4.3,27328,38999,29% ,33,OPPO,8,256,5000 mAh,43260,4976
776,4.5,39440,45999,14% ,33,vivo,12,256,6500 mAh,1236,98
777,4.2,14990,15999,6% ,33,OPPO,4,128,5100 mAh,5204,197
778,4.4,25990,36999,29% ,33,realme,8,256,5200 mAh,17249,1674
779,4.3,22990,26499,13% ,33,Samsung,8,256,5000 mAh,313,12
780,4.2,16999,22999,26% ,33,REDMI,8,128,5110 mAh,3812,212
781,4.2,12999,17499,25% ,33,Samsung,6,128,5000 mAh,256,11
782,4.4,24999,36999,32% ,33,realme,8,256,5200 mAh,17249,1674
783,4.3,12999,14999,13% ,33,Tecno,8,128,5000 mAh,130,12
784,4.2,16999,17999,5% ,33,Samsung,6,128,5000 mAh,98,4
785,4.3,7999,8999,11% ,33,Infinix,4,64,5000 mAh,1053,67
786,4.0,6999,9999,30% ,33,Ai,6,128,5000 mAh,4818,303
787,4.2,8999,11999,25% ,33,POCO,4,64,5000 mAh,155255,7466
788,4.3,33999,40999,17% ,33,MOTOROLA,12,256,6000 mAh,13240,1089
789,4.4,18999,21999,13% ,33,Infinix,8,128,5500 mAh,24313,2052
790,4.1,16499,23999,31% ,33,Samsung,6,128,5000 mAh,10662,985
791,4.7,12499,14499,13% ,33,OPPO,4,64,6500 mAh,25,0
792,4.7,13499,15999,15% ,34,OPPO,4,128,6500 mAh,25,0
793,4.5,40890,42999,4% ,34,OPPO,8,256,6000 mAh,4426,421
794,4.3,12499,17999,30% ,34,REDMI,6,128,5000 mAh,48634,2407
795,4.3,12249,18999,35% ,34,vivo,4,128,5000 mAh,2487,144
796,4.5,41377,42999,3% ,34,OPPO,8,256,6000 mAh,4426,421
797,4.3,23989,27499,12% ,34,Samsung,8,256,6000 mAh,5761,363
798,4.3,8332,16999,50% ,34,REDMI,4,64,6000 mAh,245698,16833
799,4.4,27999,29999,6% ,34,Nothing,8,256,5000 mAh,15757,1048
800,4.4,34999,39999,12% ,34,realme,8,256,5000 mAh,523,44
801,4.5,55999,60999,8% ,34,vivo,12,512,5500 mAh,1169,120
802,4.3,15432,17999,14% ,34,Samsung,6,128,5000 mAh,99,7
803,4.3,15980,17999,11% ,34,Samsung,6,128,5000 mAh,99,7
804,4.4,12999,14999,13% ,34,realme,8,128,5000 mAh,4423,146
805,4.4,21999,28999,24% ,34,realme,8,128,5200 mAh,8097,542
806,4.2,13999,17499,20% ,34,Samsung,6,128,5000 mAh,10029,578
807,4.3,7999,8999,11% ,34,Infinix,4,64,5000 mAh,1053,67
808,4.4,29999,33999,11% ,34,OPPO,8,256,7000 mAh,640,52
809,4.4,29999,33999,11% ,34,OPPO,8,256,7000 mAh,640,52
810,4.2,29999,41999,28% ,34,OPPO,8,128,5600 mAh,401,32
811,4.4,27999,31999,12% ,34,vivo,8,256,5500 mAh,1292,68
812,4.1,10690,15499,31% ,34,Samsung,4,128,5000 mAh,2505,149
813,4.3,29620,54999,46% ,34,Xiaomi,8,256,4700 mAh,1758,214
814,4.3,13999,16499,15% ,34,vivo,4,128,5500 mAh,1039,47
815,4.4,32282,56999,43% ,34,OnePlus,8,128,5000 mAh,1358,128
816,4.2,8999,11999,25% ,35,POCO,4,64,5000 mAh,155255,7466
817,4.4,32998,56999,42% ,35,OnePlus,8,128,5000 mAh,1358,128
818,4.4,16999,21999,22% ,35,vivo,8,128,5500 mAh,936,43
819,4.4,18999,25999,26% ,35,vivo,8,256,5500 mAh,936,43
820,4.3,24999,27999,10% ,35,OPPO,8,128,7000 mAh,1366,72
821,4.1,7599,7799,2% ,35,LAVA,4,64,5000 mAh,200,8
822,4.4,8199,11999,31% ,35,REDMI,4,64,5020 mAh,230816,15105
823,4.3,12499,13999,10% ,35,Infinix,6,128,5200 mAh,2705,152
824,4.3,11499,14999,23% ,35,OPPO,4,64,6000 mAh,483,14
825,4.3,12499,17999,30% ,35,REDMI,6,128,5000 mAh,48634,2407
826,4.2,15499,16499,6% ,35,Samsung,4,128,5000 mAh,73,5
827,4.5,10999,13999,21% ,35,realme,6,128,5000 mAh,24893,740
828,4.7,102900,13999,13% ,35,Apple,4,512,5000 mAh,2978,191
829,4.6,97599,134999,27% ,35,Samsung,12,256,5000 mAh,7439,548
830,4.1,23499,27999,16% ,35,Samsung,8,128,5000 mAh,252,28
831,4.5,40969,64999,36% ,35,OnePlus,16,256,5000 mAh,1907,160
832,4.0,6999,9999,30% ,35,Ai,6,128,5000 mAh,4818,303
833,4.2,16499,21999,25% ,35,REDMI,6,128,5000 mAh,16094,1079
834,4.4,25999,29999,13% ,35,vivo,8,128,5500 mAh,1292,68
835,4.4,25999,29999,13% ,35,vivo,8,128,5500 mAh,1292,68
836,4.2,16725,19499,14% ,35,Samsung,8,128,5000 mAh,27,3
837,4.4,41680,52999,21% ,35,Samsung,12,256,5000 mAh,492,33
838,4.4,25999,29999,13% ,35,vivo,8,128,5500 mAh,1292,68
839,4.3,22490,26499,15% ,35,Samsung,8,256,5000 mAh,313,12
840,4.2,14595,19999,27% ,36,REDMI,8,128,5000 mAh,14482,763
841,4.4,34999,13999,13% ,36,OPPO,8,256,5000 mAh,16412,698
842,4.3,13666,15999,14% ,36,REDMI,6,128,5000 mAh,42885,1759
843,4.4,40999,45999,10% ,36,Samsung,8,128,5000 mAh,701,49
844,4.3,19999,22999,13% ,36,Samsung,6,128,5000 mAh,8712,500
845,4.3,33480,48999,31% ,36,Samsung,12,256,5000 mAh,679,50
846,4.3,12499,16999,26% ,36,OPPO,4,128,6000 mAh,483,14
847,4.3,12499,13999,10% ,36,Infinix,6,128,5200 mAh,2705,152
848,4.3,12499,13999,10% ,36,Infinix,6,128,5200 mAh,2705,152
849,4.4,27790,38999,28% ,36,realme,12,256,5200 mAh,10465,968
850,4.3,11499,14999,23% ,36,OPPO,4,64,6000 mAh,483,14
851,4.4,20999,24999,16% ,36,Infinix,8,256,5500 mAh,24313,2052
852,4.2,12999,15499,16% ,36,POCO,6,128,5000 mAh,110,6
853,3.9,6599,8999,26% ,36,POCO,4,64,5200 mAh,54664,2462
854,4.3,11999,15999,25% ,36,REDMI,6,128,5000 mAh,42885,1759
855,4.8,169900,13999,13% ,36,Apple,4,512,5000 mAh,416,35
856,4.4,23999,30999,22% ,36,OPPO,8,256,6500 mAh,2633,142
857,4.4,30999,39999,22% ,36,REDMI,12,512,6200 mAh,420,13
858,4.4,27499,33999,19% ,36,Samsung,8,256,5000 mAh,732,48
859,4.2,10599,12999,18% ,36,REDMI,4,64,5160 mAh,8657,430
860,4.2,26994,41999,35% ,36,OPPO,8,128,5600 mAh,401,32
861,4.3,36999,59999,38% ,36,Xiaomi,12,512,4700 mAh,1182,107
862,4.7,11999,14999,20% ,36,vivo,4,0,6000 mAh,16,0
863,4.4,34999,39999,12% ,36,realme,8,256,5000 mAh,523,44
864,4.3,23999,27999,14% ,37,realme,8,256,5200 mAh,741,41
865,4.3,21999,25999,15% ,37,realme,8,128,5200 mAh,741,41
866,4.4,28475,36999,23% ,37,REDMI,8,256,6200 mAh,498,27
867,4.5,42203,54999,23% ,37,vivo,8,256,5500 mAh,1290,155
868,4.3,13999,16999,17% ,37,POCO,6,128,7000 mAh,5361,295
869,4.4,79999,13999,13% ,37,Samsung,8,128,4500 mAh,75202,4436
870,4.4,34999,39999,12% ,37,realme,8,256,5000 mAh,523,44
871,4.3,15549,21999,29% ,37,REDMI,6,128,5110 mAh,3026,143
872,4.3,14499,17499,17% ,37,vivo,6,0,6000 mAh,7,1
873,4.3,23989,30999,22% ,37,REDMI,8,256,5500 mAh,525,24
874,4.4,21790,28999,24% ,37,realme,8,128,5200 mAh,8097,542
875,4.2,27499,33999,19% ,37,REDMI,8,256,5000 mAh,6715,610
876,4.4,27999,31999,12% ,37,OPPO,8,128,7000 mAh,640,52
877,4.6,16999,17999,5% ,37,realme,6,0,7000 mAh,118,7
878,3.8,9495,10999,13% ,37,LAVA,4,128,5000 mAh,151,10
879,4.4,26999,34999,22% ,37,OPPO,8,256,5000 mAh,16412,698
880,4.3,17999,20999,14% ,37,OPPO,8,128,6000 mAh,110,2
881,4.3,17999,20999,14% ,37,OPPO,8,128,6000 mAh,110,2
882,4.6,15499,16499,6% ,37,realme,4,0,7000 mAh,191,12
883,4.6,15499,16499,6% ,37,realme,4,0,7000 mAh,191,12
884,4.4,29999,41999,28% ,37,Motorola,12,256,4500 mAh,68716,4464
885,4.7,12999,15999,18% ,37,vivo,4,0,6000 mAh,16,0
886,4.5,38999,48999,20% ,37,vivo,12,512,6000 mAh,2084,180
887,4.3,18690,21999,15% ,37,Samsung,6,128,5000 mAh,261,12
888,4.7,73990,76999,3% ,38,OnePlus,12,256,7300 mAh,41,4
889,4.3,16999,24999,32% ,38,POCO,8,128,5500 mAh,28239,2138
890,4.5,22388,23999,6% ,38,realme,8,256,6000 mAh,821,41
891,4.5,34999,42999,18% ,38,vivo,8,256,6000 mAh,8087,654
892,4.1,10999,13499,18% ,38,itel,6,128,5000 mAh,850,50
893,4.3,33999,40999,17% ,38,MOTOROLA,12,256,6000 mAh,13240,1089
894,3.9,8999,12999,30% ,38,Ai,8,128,5000 mAh,3381,301
895,4.1,10499,12999,19% ,38,Tecno,4,128,5000 mAh,1152,49
896,4.2,15999,19999,20% ,38,Samsung,6,128,5000 mAh,4230,186
897,4.7,11999,14999,20% ,38,vivo,4,0,6000 mAh,16,0
898,4.4,32999,37999,13% ,38,OPPO,8,256,7000 mAh,274,29
899,4.5,63860,72999,12% ,38,OnePlus,12,256,6000 mAh,572,48
900,4.2,14999,13999,13% ,38,Motorola,8,128,5000 mAh,149015,10007
901,4.4,20999,27999,25% ,38,Motorola,12,256,5000 mAh,172252,11415
902,4.7,134900,13999,13% ,38,Apple,4,256,5000 mAh,668,49
903,4.3,36999,59999,38% ,38,Xiaomi,12,512,4700 mAh,1182,107
904,4.3,34999,39999,12% ,38,OPPO,12,256,7000 mAh,283,15
905,4.2,12349,15999,22% ,38,realme,4,128,6000 mAh,1202,71
906,4.4,27580,36999,25% ,38,REDMI,8,256,6200 mAh,498,27
907,4.4,15300,17999,14% ,38,vivo,6,128,5500 mAh,2183,85
908,4.5,35999,41999,14% ,38,vivo,8,128,6500 mAh,2728,213
909,3.9,16899,17999,6% ,38,LAVA,8,128,5000 mAh,136,10
910,4.0,21999,28999,24% ,38,Samsung,8,128,5000 mAh,3182,254
911,4.4,27999,36999,24% ,38,Motorola,8,256,4500 mAh,34594,2987
912,4.2,12224,19999,38% ,39,REDMI,8,128,5030 mAh,263,10
913,4.3,7299,8999,18% ,39,Tecno,4,64,5000 mAh,6439,310
914,4.3,7299,8999,18% ,39,Tecno,4,64,5000 mAh,6439,310
915,4.4,25870,34999,26% ,39,REDMI,8,128,6200 mAh,498,27
916,4.4,24490,33999,27% ,39,vivo,8,128,5600 mAh,3088,179
917,4.4,36999,44999,17% ,39,OPPO,12,256,7000 mAh,325,34
918,4.4,36999,44999,17% ,39,OPPO,12,256,7000 mAh,325,34
919,4.5,32999,39999,17% ,39,vivo,8,128,6000 mAh,8087,654
920,4.4,31999,43999,27% ,39,OPPO,8,256,5600 mAh,4915,527
921,4.3,35499,38999,8% ,39,Samsung,8,256,5000 mAh,1735,134
922,4.3,11999,15999,25% ,39,REDMI,6,128,5000 mAh,42885,1759
923,4.6,55999,79999,30% ,39,Samsung,8,256,4000 mAh,8469,446
924,4.3,22999,25999,11% ,39,vivo,8,128,6000 mAh,558,22
925,3.9,16999,18999,10% ,39,LAVA,6,128,5000 mAh,184,16
926,4.6,14499,16999,14% ,39,POCO,8,128,5000 mAh,26,3
927,4.3,34999,39999,12% ,39,OPPO,12,256,7000 mAh,283,15
928,4.4,13999,16999,17% ,39,realme,6,128,6000 mAh,1833,74
929,4.4,25999,27999,7% ,39,Nothing,8,256,5000 mAh,104792,8121
930,4.4,25999,27999,7% ,39,Nothing,8,256,5000 mAh,104792,8121
931,4.4,26998,38998,30% ,39,realme,12,256,5200 mAh,10465,968
932,4.2,18448,28999,36% ,39,OPPO,8,256,5000 mAh,2006,140
933,4.3,13999,13999,13% ,39,vivo,4,128,5500 mAh,1039,47
934,4.4,16999,21999,22% ,39,vivo,8,128,5500 mAh,936,43
935,4.2,13999,17499,20% ,39,Samsung,6,128,5000 mAh,10029,578
936,4.2,14447,19999,27% ,40,REDMI,8,128,5030 mAh,263,10
937,4.0,12999,13999,13% ,40,Motorola,4,64,5000 mAh,58821,4963
938,4.6,141999,13999,13% ,40,Samsung,12,512,5000 mAh,2531,256
939,4.6,72970,79999,8% ,40,OnePlus,16,512,6000 mAh,276,24
940,4.4,27999,36999,24% ,40,Motorola,8,256,4500 mAh,34594,2987
941,4.4,27999,29999,6% ,40,Nothing,12,256,5000 mAh,16468,1219
942,4.4,28450,36999,23% ,40,REDMI,8,256,6200 mAh,498,27
943,4.4,23999,25999,7% ,40,Nothing,8,128,5000 mAh,104792,8121
944,4.4,23999,30999,22% ,40,realme,8,256,5200 mAh,8097,542
945,4.3,13000,17999,27% ,40,OPPO,4,128,5000 mAh,1268,59
946,4.3,13000,17999,27% ,40,OPPO,4,128,5000 mAh,1268,59
947,4.7,72999,76999,5% ,40,OnePlus,12,256,7300 mAh,41,4
948,4.2,13999,18999,26% ,40,vivo,6,128,5000 mAh,2846,121
949,4.4,23999,32999,27% ,40,OPPO,8,128,5000 mAh,16412,698
950,4.2,14385,19999,28% ,40,REDMI,8,128,5030 mAh,263,10
951,4.5,14035,15999,12% ,40,REDMI,6,128,6000 mAh,12,0
952,4.3,23999,31999,25% ,40,POCO,8,256,6550 mAh,16224,1708
953,3.5,3969,4999,20% ,40,nuveck,4,32,3000 mAh,51,1
954,4.4,22645,27999,19% ,40,realme,12,256,6000 mAh,139,15
955,4.5,37999,48999,22% ,40,vivo,12,512,6000 mAh,2084,180
956,4.3,11999,14999,20% ,40,Motorola,8,128,5000 mAh,250147,12377
957,4.3,33999,35999,5% ,40,realme,8,128,7000 mAh,8234,725
958,4.3,35999,37999,5% ,40,realme,8,256,7000 mAh,8234,725
959,4.4,37999,39999,5% ,40,realme,12,256,7000 mAh,4744,380
960,4.4,15999,19999,20% ,41,CMF,6,128,5000 mAh,84842,5653
961,4.3,11999,14499,17% ,41,POCO,4,128,5000 mAh,75,3
962,4.4,17999,21999,18% ,41,CMF,8,128,5000 mAh,27892,1783
963,4.4,33000,39999,17% ,41,REDMI,12,512,6200 mAh,420,13
964,4.3,24999,27999,10% ,41,vivo,8,256,6000 mAh,558,22
965,4.1,9999,11499,13% ,41,Samsung,4,64,5000 mAh,428,22
966,4.4,27999,31999,12% ,41,vivo,8,256,5500 mAh,1292,68
967,4.1,7447,7799,4% ,41,LAVA,4,128,5000 mAh,152,8
968,4.3,24999,27999,10% ,41,vivo,8,256,6000 mAh,558,22
969,4.3,22999,25999,11% ,41,vivo,8,128,6000 mAh,558,22
970,4.2,34999,41999,16% ,41,OPPO,8,256,7000 mAh,149,12
971,4.2,34999,41999,16% ,41,OPPO,8,256,7000 mAh,149,12
972,4.3,33999,35999,5% ,41,realme,8,128,7000 mAh,8234,725
973,4.4,37999,39999,5% ,41,realme,12,256,7000 mAh,4744,380
974,4.3,35999,37999,5% ,41,realme,8,256,7000 mAh,8234,725
975,4.3,35999,37999,5% ,41,realme,8,256,7000 mAh,8234,725
976,4.4,37999,39999,5% ,41,realme,12,256,7000 mAh,4744,380
977,4.4,40999,42999,4% ,41,realme,12,512,7000 mAh,4744,380
978,4.4,37999,39999,5% ,41,realme,12,256,7000 mAh,4744,380
979,4.0,22490,34999,35% ,41,Samsung,12,256,5000 mAh,163,13
980,3.8,19149,25999,26% ,41,LAVA,8,128,5000 mAh,226,27
981,4.5,34999,42999,18% ,41,vivo,8,256,6000 mAh,8087,654
982,4.4,27999,29999,6% ,41,Nothing,12,256,5000 mAh,16468,1219
983,4.4,109999,113999,3% ,41,Samsung,8,512,3700 mAh,860,50
